<?xml version="1.0"?>
<NinjaScriptExport>
  <NinjaScriptVersion>8.1.3.1</NinjaScriptVersion>
  <FileVersion>8</FileVersion>
  <MinNinjaScriptVersion>8.0.0.0</MinNinjaScriptVersion>
  <Items>
    <Item>
      <AssemblyName>NinjaTrader.Custom</AssemblyName>
      <TypeFullName>NinjaTrader.NinjaScript.Strategies.NTPythonIndicatorExporter</TypeFullName>
      <Folder>Strategies</Folder>
      <Name>NTPythonIndicatorExporter</Name>
      <BaseTypeName>Strategy</BaseTypeName>
    </Item>
  </Items>
</NinjaScriptExport>